Syscall,Frequency
futex,3421
mmap,11529
munmap,3322
prctl,2858
pread64,1471
close,2077
mprotect,7670
getcwd,50
newfstatat,619
openat,2532
lseek,762
readlinkat,551
fstat,1336
fstatfs,412
clock_gettime,34
madvise,2307
sigaltstack,67
rt_sigprocmask,819
exit,3
setpriority,28
writev,51
gettid,17289
recvfrom,1
ioctl,281
faccessat,92
mkdirat,23
fchmodat,7
clone,45
arch_prctl,41
getpriority,67
set_tid_address,21
getuid,119
getrandom,13
fcntl,420
write,41
fsync,4
read,3643
eventfd2,4
epoll_create1,7
epoll_ctl,15
epoll_pwait,89
getsockopt,1
sched_getscheduler,29
sched_get_priority_min,12
sched_get_priority_max,10
sched_setscheduler,8
getrusage,5
sched_yield,13
sched_getparam,22
dup,1
mremap,374
process_vm_readv,1025
rt_sigreturn,17
unlinkat,2
getdents64,27
ftruncate,7
rt_sigaction,67
uname,3
flock,7
timerfd_create,1
sendmsg,4
getgid,2
socketpair,2
getegid,2
pipe2,2
recvmsg,3
getrlimit,5
pwrite64,872
fdatasync,7
renameat,1
geteuid,2
socket,6
bind,1
listen,1
tgkill,22
getpid,8
rt_tgsigqueueinfo,2
wait4,3
execve,3
sched_getaffinity,1
statfs,2
connect,2
exit_group,1
rt_sigtimedwait,3
dup3,4
ptrace,10
